"Path","LineNumber","Line"
"C:\Users\carst\Projekte\Einfach-Geld-Ordnen\GitHub_Clone_Dateien\einfach-geld-ordnen\seiten\changelog.md","27","- **Hub:** [Überblick]({{ site.baseurl }}/pillar/index.html)"
"C:\Users\carst\Projekte\Einfach-Geld-Ordnen\GitHub_Clone_Dateien\einfach-geld-ordnen\seiten\changelog.md","52","- Ueberblick: [Einfach Geld ordnen]({{ site.baseurl }}/pillar/einfach-geld-ordnen.html)"
"C:\Users\carst\Projekte\Einfach-Geld-Ordnen\GitHub_Clone_Dateien\einfach-geld-ordnen\seiten\datenschutz.md","98","- Ueberblick: [Einfach Geld ordnen]({{ site.baseurl }}/pillar/einfach-geld-ordnen.html)"
"C:\Users\carst\Projekte\Einfach-Geld-Ordnen\GitHub_Clone_Dateien\einfach-geld-ordnen\seiten\der-weg.md","44","- Vertiefung (Pillar): [{{ site.baseurl }}/pillar/]({{ site.baseurl }}/pillar/)"
"C:\Users\carst\Projekte\Einfach-Geld-Ordnen\GitHub_Clone_Dateien\einfach-geld-ordnen\seiten\der-weg.md","63","- Ueberblick: [Einfach Geld ordnen]({{ site.baseurl }}/pillar/einfach-geld-ordnen.html)"
"C:\Users\carst\Projekte\Einfach-Geld-Ordnen\GitHub_Clone_Dateien\einfach-geld-ordnen\seiten\faq_probleme_loesen.md","32","- [Einfach Geld ordnen]({{ site.baseurl }}/pillar/einfach-geld-ordnen.html)"
"C:\Users\carst\Projekte\Einfach-Geld-Ordnen\GitHub_Clone_Dateien\einfach-geld-ordnen\seiten\fixkosten-uebersicht.md","60","- **Hub:** [Überblick]({{ site.baseurl }}/pillar/index.html)"
"C:\Users\carst\Projekte\Einfach-Geld-Ordnen\GitHub_Clone_Dateien\einfach-geld-ordnen\seiten\fixkosten-uebersicht.md","75","- Vertiefung (Pillar): [{{ site.baseurl }}/pillar/]({{ site.baseurl }}/pillar/)"
"C:\Users\carst\Projekte\Einfach-Geld-Ordnen\GitHub_Clone_Dateien\einfach-geld-ordnen\seiten\fixkosten-uebersicht.md","94","- Ueberblick: [Einfach Geld ordnen]({{ site.baseurl }}/pillar/einfach-geld-ordnen.html)"
"C:\Users\carst\Projekte\Einfach-Geld-Ordnen\GitHub_Clone_Dateien\einfach-geld-ordnen\seiten\governance.md","93","- **Hub:** [Überblick]({{ site.baseurl }}/pillar/index.html)"
"C:\Users\carst\Projekte\Einfach-Geld-Ordnen\GitHub_Clone_Dateien\einfach-geld-ordnen\seiten\governance.md","118","- Ueberblick: [Einfach Geld ordnen]({{ site.baseurl }}/pillar/einfach-geld-ordnen.html)"
"C:\Users\carst\Projekte\Einfach-Geld-Ordnen\GitHub_Clone_Dateien\einfach-geld-ordnen\seiten\haushaltsbuch-excel.md","69","- Ueberblick: [Einfach Geld ordnen]({{ site.baseurl }}/pillar/einfach-geld-ordnen.html)"
"C:\Users\carst\Projekte\Einfach-Geld-Ordnen\GitHub_Clone_Dateien\einfach-geld-ordnen\seiten\haushaltsbuch-vollversion.md","123","- Ueberblick: [Einfach Geld ordnen]({{ site.baseurl }}/pillar/einfach-geld-ordnen.html)"
"C:\Users\carst\Projekte\Einfach-Geld-Ordnen\GitHub_Clone_Dateien\einfach-geld-ordnen\seiten\haushaltsbuch-vorlage-kostenlos.md","54","- Ueberblick: [Einfach Geld ordnen]({{ site.baseurl }}/pillar/einfach-geld-ordnen.html)"
"C:\Users\carst\Projekte\Einfach-Geld-Ordnen\GitHub_Clone_Dateien\einfach-geld-ordnen\seiten\haushaltsbuch.md","23","- [Haushaltsbuch: Worum geht es? (einfach erklärt)]({{ site.baseurl }}/pillar/einfach-geld-ordnen-haushaltsbuch.html)"
"C:\Users\carst\Projekte\Einfach-Geld-Ordnen\GitHub_Clone_Dateien\einfach-geld-ordnen\seiten\haushaltsbuch.md","40","- **Hub:** [Überblick]({{ site.baseurl }}/pillar/index.html)"
"C:\Users\carst\Projekte\Einfach-Geld-Ordnen\GitHub_Clone_Dateien\einfach-geld-ordnen\seiten\haushaltsbuch.md","55","- Vertiefung (Pillar): [{{ site.baseurl }}/pillar/]({{ site.baseurl }}/pillar/)"
"C:\Users\carst\Projekte\Einfach-Geld-Ordnen\GitHub_Clone_Dateien\einfach-geld-ordnen\seiten\haushaltsbuch.md","74","- Ueberblick: [Einfach Geld ordnen]({{ site.baseurl }}/pillar/einfach-geld-ordnen.html)"
"C:\Users\carst\Projekte\Einfach-Geld-Ordnen\GitHub_Clone_Dateien\einfach-geld-ordnen\seiten\haushaltsueberblick.md","46","- **Hub:** [Überblick]({{ site.baseurl }}/pillar/index.html)"
"C:\Users\carst\Projekte\Einfach-Geld-Ordnen\GitHub_Clone_Dateien\einfach-geld-ordnen\seiten\haushaltsueberblick.md","61","- Vertiefung (Pillar): [{{ site.baseurl }}/pillar/]({{ site.baseurl }}/pillar/)"
"C:\Users\carst\Projekte\Einfach-Geld-Ordnen\GitHub_Clone_Dateien\einfach-geld-ordnen\seiten\haushaltsueberblick.md","80","- Ueberblick: [Einfach Geld ordnen]({{ site.baseurl }}/pillar/einfach-geld-ordnen.html)"
"C:\Users\carst\Projekte\Einfach-Geld-Ordnen\GitHub_Clone_Dateien\einfach-geld-ordnen\seiten\impressum.md","73","- Ueberblick: [Einfach Geld ordnen]({{ site.baseurl }}/pillar/einfach-geld-ordnen.html)"
"C:\Users\carst\Projekte\Einfach-Geld-Ordnen\GitHub_Clone_Dateien\einfach-geld-ordnen\seiten\index.md","105","- Ueberblick (Pillar): [Pillar-Start]({{ site.baseurl }}/pillar/)"
"C:\Users\carst\Projekte\Einfach-Geld-Ordnen\GitHub_Clone_Dateien\einfach-geld-ordnen\seiten\monatliche-ausgaben.md","43","- **Hub:** [Überblick]({{ site.baseurl }}/pillar/index.html)"
"C:\Users\carst\Projekte\Einfach-Geld-Ordnen\GitHub_Clone_Dateien\einfach-geld-ordnen\seiten\monatliche-ausgaben.md","58","- Vertiefung (Pillar): [{{ site.baseurl }}/pillar/]({{ site.baseurl }}/pillar/)"
"C:\Users\carst\Projekte\Einfach-Geld-Ordnen\GitHub_Clone_Dateien\einfach-geld-ordnen\seiten\monatliche-ausgaben.md","77","- Ueberblick: [Einfach Geld ordnen]({{ site.baseurl }}/pillar/einfach-geld-ordnen.html)"
"C:\Users\carst\Projekte\Einfach-Geld-Ordnen\GitHub_Clone_Dateien\einfach-geld-ordnen\seiten\nach_dem_kauf.md","25","- [Einfach Geld ordnen]({{ site.baseurl }}/pillar/einfach-geld-ordnen.html)"
"C:\Users\carst\Projekte\Einfach-Geld-Ordnen\GitHub_Clone_Dateien\einfach-geld-ordnen\seiten\nebenkosten-miete.md","41","- **Hub:** [Überblick]({{ site.baseurl }}/pillar/index.html)"
"C:\Users\carst\Projekte\Einfach-Geld-Ordnen\GitHub_Clone_Dateien\einfach-geld-ordnen\seiten\nebenkosten-miete.md","56","- Vertiefung (Pillar): [{{ site.baseurl }}/pillar/]({{ site.baseurl }}/pillar/)"
"C:\Users\carst\Projekte\Einfach-Geld-Ordnen\GitHub_Clone_Dateien\einfach-geld-ordnen\seiten\nebenkosten-miete.md","75","- Ueberblick: [Einfach Geld ordnen]({{ site.baseurl }}/pillar/einfach-geld-ordnen.html)"
"C:\Users\carst\Projekte\Einfach-Geld-Ordnen\GitHub_Clone_Dateien\einfach-geld-ordnen\seiten\ordnung-halten.md","49","→ [Ordnung halten – ohne Druck]({{ site.baseurl }}/pillar/ordnung-halten.html)"
"C:\Users\carst\Projekte\Einfach-Geld-Ordnen\GitHub_Clone_Dateien\einfach-geld-ordnen\seiten\ordnung-halten.md","69","- **Hub:** [Überblick]({{ site.baseurl }}/pillar/index.html)"
"C:\Users\carst\Projekte\Einfach-Geld-Ordnen\GitHub_Clone_Dateien\einfach-geld-ordnen\seiten\ordnung-halten.md","84","- Vertiefung (Pillar): [{{ site.baseurl }}/pillar/]({{ site.baseurl }}/pillar/)"
"C:\Users\carst\Projekte\Einfach-Geld-Ordnen\GitHub_Clone_Dateien\einfach-geld-ordnen\seiten\ordnung-halten.md","103","- Ueberblick: [Einfach Geld ordnen]({{ site.baseurl }}/pillar/einfach-geld-ordnen.html)"
"C:\Users\carst\Projekte\Einfach-Geld-Ordnen\GitHub_Clone_Dateien\einfach-geld-ordnen\seiten\qa-release-gate.md","94","- **Hub:** [Überblick]({{ site.baseurl }}/pillar/index.html)"
"C:\Users\carst\Projekte\Einfach-Geld-Ordnen\GitHub_Clone_Dateien\einfach-geld-ordnen\seiten\qa-release-gate.md","119","- Ueberblick: [Einfach Geld ordnen]({{ site.baseurl }}/pillar/einfach-geld-ordnen.html)"
"C:\Users\carst\Projekte\Einfach-Geld-Ordnen\GitHub_Clone_Dateien\einfach-geld-ordnen\seiten\qualitaet.md","75","- Ueberblick: [Einfach Geld ordnen]({{ site.baseurl }}/pillar/einfach-geld-ordnen.html)"
"C:\Users\carst\Projekte\Einfach-Geld-Ordnen\GitHub_Clone_Dateien\einfach-geld-ordnen\seiten\self_service.md","42","- [Einfach Geld ordnen]({{ site.baseurl }}/pillar/einfach-geld-ordnen.html)"
"C:\Users\carst\Projekte\Einfach-Geld-Ordnen\GitHub_Clone_Dateien\einfach-geld-ordnen\seiten\spielraum-ruecklagen.md","51","- **Hub:** [Überblick]({{ site.baseurl }}/pillar/index.html)"
"C:\Users\carst\Projekte\Einfach-Geld-Ordnen\GitHub_Clone_Dateien\einfach-geld-ordnen\seiten\spielraum-ruecklagen.md","66","- Vertiefung (Pillar): [{{ site.baseurl }}/pillar/]({{ site.baseurl }}/pillar/)"
"C:\Users\carst\Projekte\Einfach-Geld-Ordnen\GitHub_Clone_Dateien\einfach-geld-ordnen\seiten\spielraum-ruecklagen.md","85","- Ueberblick: [Einfach Geld ordnen]({{ site.baseurl }}/pillar/einfach-geld-ordnen.html)"
"C:\Users\carst\Projekte\Einfach-Geld-Ordnen\GitHub_Clone_Dateien\einfach-geld-ordnen\seiten\start_in_15_minuten.md","35","- [Einfach Geld ordnen]({{ site.baseurl }}/pillar/einfach-geld-ordnen.html)"
"C:\Users\carst\Projekte\Einfach-Geld-Ordnen\GitHub_Clone_Dateien\einfach-geld-ordnen\seiten\stromkosten-haushalt.md","31","- **Hub:** [Überblick]({{ site.baseurl }}/pillar/index.html)"
"C:\Users\carst\Projekte\Einfach-Geld-Ordnen\GitHub_Clone_Dateien\einfach-geld-ordnen\seiten\stromkosten-haushalt.md","46","- Vertiefung (Pillar): [{{ site.baseurl }}/pillar/]({{ site.baseurl }}/pillar/)"
"C:\Users\carst\Projekte\Einfach-Geld-Ordnen\GitHub_Clone_Dateien\einfach-geld-ordnen\seiten\stromkosten-haushalt.md","65","- Ueberblick: [Einfach Geld ordnen]({{ site.baseurl }}/pillar/einfach-geld-ordnen.html)"
"C:\Users\carst\Projekte\Einfach-Geld-Ordnen\GitHub_Clone_Dateien\einfach-geld-ordnen\seiten\variable-ausgaben.md","71","- **Hub:** [Überblick]({{ site.baseurl }}/pillar/index.html)"
"C:\Users\carst\Projekte\Einfach-Geld-Ordnen\GitHub_Clone_Dateien\einfach-geld-ordnen\seiten\variable-ausgaben.md","86","- Vertiefung (Pillar): [{{ site.baseurl }}/pillar/]({{ site.baseurl }}/pillar/)"
"C:\Users\carst\Projekte\Einfach-Geld-Ordnen\GitHub_Clone_Dateien\einfach-geld-ordnen\seiten\variable-ausgaben.md","105","- Ueberblick: [Einfach Geld ordnen]({{ site.baseurl }}/pillar/einfach-geld-ordnen.html)"
"C:\Users\carst\Projekte\Einfach-Geld-Ordnen\GitHub_Clone_Dateien\einfach-geld-ordnen\pillar\einfach-geld-ordnen-haushaltsbuch.md","76","- Ueberblick: [Einfach Geld ordnen]({{ site.baseurl }}/pillar/einfach-geld-ordnen.html)"
"C:\Users\carst\Projekte\Einfach-Geld-Ordnen\GitHub_Clone_Dateien\einfach-geld-ordnen\pillar\einfach-geld-ordnen.md","61","- Ueberblick: [Einfach Geld ordnen]({{ site.baseurl }}/pillar/einfach-geld-ordnen.html)"
"C:\Users\carst\Projekte\Einfach-Geld-Ordnen\GitHub_Clone_Dateien\einfach-geld-ordnen\pillar\haushaltsueberblick.md","90","- Ueberblick: [Einfach Geld ordnen]({{ site.baseurl }}/pillar/einfach-geld-ordnen.html)"
"C:\Users\carst\Projekte\Einfach-Geld-Ordnen\GitHub_Clone_Dateien\einfach-geld-ordnen\pillar\index.md","74","- Ueberblick: [Einfach Geld ordnen]({{ site.baseurl }}/pillar/einfach-geld-ordnen.html)"
"C:\Users\carst\Projekte\Einfach-Geld-Ordnen\GitHub_Clone_Dateien\einfach-geld-ordnen\pillar\ordnung-halten.md","94","- Ueberblick: [Einfach Geld ordnen]({{ site.baseurl }}/pillar/einfach-geld-ordnen.html)"
"C:\Users\carst\Projekte\Einfach-Geld-Ordnen\GitHub_Clone_Dateien\einfach-geld-ordnen\pillar\spielraum-ruecklagen.md","133","- Ueberblick: [Einfach Geld ordnen]({{ site.baseurl }}/pillar/einfach-geld-ordnen.html)"
