"File","Line","Link"
"C:\Users\carst\Projekte\Einfach-Geld-Ordnen\GitHub_Clone_Dateien\einfach-geld-ordnen\pillar\einfach-geld-ordnen.md","15","{{ ""/pillar/einfach-geld-ordnen-haushaltsbuch.html"" | relative_url }}"
"C:\Users\carst\Projekte\Einfach-Geld-Ordnen\GitHub_Clone_Dateien\einfach-geld-ordnen\pillar\einfach-geld-ordnen.md","18","{{ ""/seiten/der-weg.html"" | relative_url }}"
"C:\Users\carst\Projekte\Einfach-Geld-Ordnen\GitHub_Clone_Dateien\einfach-geld-ordnen\pillar\einfach-geld-ordnen.md","21","{{ ""/pillar/index.html"" | relative_url }}"
"C:\Users\carst\Projekte\Einfach-Geld-Ordnen\GitHub_Clone_Dateien\einfach-geld-ordnen\pillar\einfach-geld-ordnen.md","26","{{ ""/pillar/index.html"" | relative_url }}"
"C:\Users\carst\Projekte\Einfach-Geld-Ordnen\GitHub_Clone_Dateien\einfach-geld-ordnen\pillar\einfach-geld-ordnen.md","27","{{ ""/seiten/der-weg.html"" | relative_url }}"
"C:\Users\carst\Projekte\Einfach-Geld-Ordnen\GitHub_Clone_Dateien\einfach-geld-ordnen\pillar\einfach-geld-ordnen.md","35","{{ site.baseurl }}/index.html"
"C:\Users\carst\Projekte\Einfach-Geld-Ordnen\GitHub_Clone_Dateien\einfach-geld-ordnen\pillar\einfach-geld-ordnen.md","36","{{ site.baseurl }}/seiten/haushaltsbuch-vollversion.html"
"C:\Users\carst\Projekte\Einfach-Geld-Ordnen\GitHub_Clone_Dateien\einfach-geld-ordnen\pillar\einfach-geld-ordnen.md","43","{{ site.baseurl }}/seiten/haushaltsbuch-vollversion.html"
"C:\Users\carst\Projekte\Einfach-Geld-Ordnen\GitHub_Clone_Dateien\einfach-geld-ordnen\pillar\einfach-geld-ordnen.md","52","{{ site.baseurl }}/index.html"
"C:\Users\carst\Projekte\Einfach-Geld-Ordnen\GitHub_Clone_Dateien\einfach-geld-ordnen\pillar\einfach-geld-ordnen.md","53","{{ site.baseurl }}/seiten/haushaltsbuch-vollversion.html"
"C:\Users\carst\Projekte\Einfach-Geld-Ordnen\GitHub_Clone_Dateien\einfach-geld-ordnen\pillar\einfach-geld-ordnen.md","61","{{ site.baseurl }}/pillar/einfach-geld-ordnen.html"
"C:\Users\carst\Projekte\Einfach-Geld-Ordnen\GitHub_Clone_Dateien\einfach-geld-ordnen\pillar\einfach-geld-ordnen.md","62","{{ site.baseurl }}/seiten/haushaltsbuch.html"
"C:\Users\carst\Projekte\Einfach-Geld-Ordnen\GitHub_Clone_Dateien\einfach-geld-ordnen\pillar\einfach-geld-ordnen-haushaltsbuch.md","22","{{ ""/seiten/haushaltsbuch-excel.html"" | relative_url }}"
"C:\Users\carst\Projekte\Einfach-Geld-Ordnen\GitHub_Clone_Dateien\einfach-geld-ordnen\pillar\einfach-geld-ordnen-haushaltsbuch.md","25","{{ ""/seiten/fixkosten-uebersicht.html"" | relative_url }}"
"C:\Users\carst\Projekte\Einfach-Geld-Ordnen\GitHub_Clone_Dateien\einfach-geld-ordnen\pillar\einfach-geld-ordnen-haushaltsbuch.md","26","{{ ""/seiten/monatliche-ausgaben.html"" | relative_url }}"
"C:\Users\carst\Projekte\Einfach-Geld-Ordnen\GitHub_Clone_Dateien\einfach-geld-ordnen\pillar\einfach-geld-ordnen-haushaltsbuch.md","28","{{ ""/seiten/nebenkosten-miete.html"" | relative_url }}"
"C:\Users\carst\Projekte\Einfach-Geld-Ordnen\GitHub_Clone_Dateien\einfach-geld-ordnen\pillar\einfach-geld-ordnen-haushaltsbuch.md","29","{{ ""/seiten/stromkosten-haushalt.html"" | relative_url }}"
"C:\Users\carst\Projekte\Einfach-Geld-Ordnen\GitHub_Clone_Dateien\einfach-geld-ordnen\pillar\einfach-geld-ordnen-haushaltsbuch.md","35","{{ ""/seiten/der-weg.html"" | relative_url }}"
"C:\Users\carst\Projekte\Einfach-Geld-Ordnen\GitHub_Clone_Dateien\einfach-geld-ordnen\pillar\einfach-geld-ordnen-haushaltsbuch.md","40","{{ ""/pillar/index.html"" | relative_url }}"
"C:\Users\carst\Projekte\Einfach-Geld-Ordnen\GitHub_Clone_Dateien\einfach-geld-ordnen\pillar\einfach-geld-ordnen-haushaltsbuch.md","41","{{ ""/pillar/index.html"" | relative_url }}"
"C:\Users\carst\Projekte\Einfach-Geld-Ordnen\GitHub_Clone_Dateien\einfach-geld-ordnen\pillar\einfach-geld-ordnen-haushaltsbuch.md","42","{{ ""/seiten/der-weg.html"" | relative_url }}"
"C:\Users\carst\Projekte\Einfach-Geld-Ordnen\GitHub_Clone_Dateien\einfach-geld-ordnen\pillar\einfach-geld-ordnen-haushaltsbuch.md","50","{{ site.baseurl }}/index.html"
"C:\Users\carst\Projekte\Einfach-Geld-Ordnen\GitHub_Clone_Dateien\einfach-geld-ordnen\pillar\einfach-geld-ordnen-haushaltsbuch.md","51","{{ site.baseurl }}/seiten/haushaltsbuch-vollversion.html"
"C:\Users\carst\Projekte\Einfach-Geld-Ordnen\GitHub_Clone_Dateien\einfach-geld-ordnen\pillar\einfach-geld-ordnen-haushaltsbuch.md","58","{{ site.baseurl }}/seiten/haushaltsbuch-vollversion.html"
"C:\Users\carst\Projekte\Einfach-Geld-Ordnen\GitHub_Clone_Dateien\einfach-geld-ordnen\pillar\einfach-geld-ordnen-haushaltsbuch.md","67","{{ site.baseurl }}/index.html"
"C:\Users\carst\Projekte\Einfach-Geld-Ordnen\GitHub_Clone_Dateien\einfach-geld-ordnen\pillar\einfach-geld-ordnen-haushaltsbuch.md","68","{{ site.baseurl }}/seiten/haushaltsbuch-vollversion.html"
"C:\Users\carst\Projekte\Einfach-Geld-Ordnen\GitHub_Clone_Dateien\einfach-geld-ordnen\pillar\einfach-geld-ordnen-haushaltsbuch.md","76","{{ site.baseurl }}/pillar/einfach-geld-ordnen.html"
"C:\Users\carst\Projekte\Einfach-Geld-Ordnen\GitHub_Clone_Dateien\einfach-geld-ordnen\pillar\einfach-geld-ordnen-haushaltsbuch.md","77","{{ site.baseurl }}/seiten/haushaltsbuch.html"
"C:\Users\carst\Projekte\Einfach-Geld-Ordnen\GitHub_Clone_Dateien\einfach-geld-ordnen\pillar\haushaltsueberblick.md","49","{{ ""/seiten/fixkosten-uebersicht.html"" | relative_url }}"
"C:\Users\carst\Projekte\Einfach-Geld-Ordnen\GitHub_Clone_Dateien\einfach-geld-ordnen\pillar\haushaltsueberblick.md","54","{{ ""/pillar/index.html"" | relative_url }}"
"C:\Users\carst\Projekte\Einfach-Geld-Ordnen\GitHub_Clone_Dateien\einfach-geld-ordnen\pillar\haushaltsueberblick.md","55","{{ ""/pillar/index.html"" | relative_url }}"
"C:\Users\carst\Projekte\Einfach-Geld-Ordnen\GitHub_Clone_Dateien\einfach-geld-ordnen\pillar\haushaltsueberblick.md","56","{{ ""/seiten/fixkosten-uebersicht.html"" | relative_url }}"
"C:\Users\carst\Projekte\Einfach-Geld-Ordnen\GitHub_Clone_Dateien\einfach-geld-ordnen\pillar\haushaltsueberblick.md","64","{{ site.baseurl }}/index.html"
"C:\Users\carst\Projekte\Einfach-Geld-Ordnen\GitHub_Clone_Dateien\einfach-geld-ordnen\pillar\haushaltsueberblick.md","65","{{ site.baseurl }}/seiten/haushaltsbuch-vollversion.html"
"C:\Users\carst\Projekte\Einfach-Geld-Ordnen\GitHub_Clone_Dateien\einfach-geld-ordnen\pillar\haushaltsueberblick.md","72","{{ site.baseurl }}/seiten/haushaltsbuch-vollversion.html"
"C:\Users\carst\Projekte\Einfach-Geld-Ordnen\GitHub_Clone_Dateien\einfach-geld-ordnen\pillar\haushaltsueberblick.md","81","{{ site.baseurl }}/index.html"
"C:\Users\carst\Projekte\Einfach-Geld-Ordnen\GitHub_Clone_Dateien\einfach-geld-ordnen\pillar\haushaltsueberblick.md","82","{{ site.baseurl }}/seiten/haushaltsbuch-vollversion.html"
"C:\Users\carst\Projekte\Einfach-Geld-Ordnen\GitHub_Clone_Dateien\einfach-geld-ordnen\pillar\haushaltsueberblick.md","90","{{ site.baseurl }}/pillar/einfach-geld-ordnen.html"
"C:\Users\carst\Projekte\Einfach-Geld-Ordnen\GitHub_Clone_Dateien\einfach-geld-ordnen\pillar\haushaltsueberblick.md","91","{{ site.baseurl }}/seiten/haushaltsbuch.html"
"C:\Users\carst\Projekte\Einfach-Geld-Ordnen\GitHub_Clone_Dateien\einfach-geld-ordnen\pillar\index.md","14","{{ ""/pillar/einfach-geld-ordnen-haushaltsbuch.html"" | relative_url }}"
"C:\Users\carst\Projekte\Einfach-Geld-Ordnen\GitHub_Clone_Dateien\einfach-geld-ordnen\pillar\index.md","17","{{ ""/seiten/der-weg.html"" | relative_url }}"
"C:\Users\carst\Projekte\Einfach-Geld-Ordnen\GitHub_Clone_Dateien\einfach-geld-ordnen\pillar\index.md","20","{{ ""/seiten/haushaltsbuch-excel.html"" | relative_url }}"
"C:\Users\carst\Projekte\Einfach-Geld-Ordnen\GitHub_Clone_Dateien\einfach-geld-ordnen\pillar\index.md","27","{{ ""/seiten/haushaltsbuch-excel.html"" | relative_url }}"
"C:\Users\carst\Projekte\Einfach-Geld-Ordnen\GitHub_Clone_Dateien\einfach-geld-ordnen\pillar\index.md","28","{{ ""/seiten/haushaltsbuch-vorlage-kostenlos.html"" | relative_url }}"
"C:\Users\carst\Projekte\Einfach-Geld-Ordnen\GitHub_Clone_Dateien\einfach-geld-ordnen\pillar\index.md","29","{{ ""/pillar/einfach-geld-ordnen-haushaltsbuch.html"" | relative_url }}"
"C:\Users\carst\Projekte\Einfach-Geld-Ordnen\GitHub_Clone_Dateien\einfach-geld-ordnen\pillar\index.md","32","{{ ""/seiten/fixkosten-uebersicht.html"" | relative_url }}"
"C:\Users\carst\Projekte\Einfach-Geld-Ordnen\GitHub_Clone_Dateien\einfach-geld-ordnen\pillar\index.md","33","{{ ""/seiten/monatliche-ausgaben.html"" | relative_url }}"
"C:\Users\carst\Projekte\Einfach-Geld-Ordnen\GitHub_Clone_Dateien\einfach-geld-ordnen\pillar\index.md","34","{{ ""/seiten/nebenkosten-miete.html"" | relative_url }}"
"C:\Users\carst\Projekte\Einfach-Geld-Ordnen\GitHub_Clone_Dateien\einfach-geld-ordnen\pillar\index.md","35","{{ ""/seiten/stromkosten-haushalt.html"" | relative_url }}"
"C:\Users\carst\Projekte\Einfach-Geld-Ordnen\GitHub_Clone_Dateien\einfach-geld-ordnen\pillar\index.md","40","{{ ""/seiten/der-weg.html"" | relative_url }}"
"C:\Users\carst\Projekte\Einfach-Geld-Ordnen\GitHub_Clone_Dateien\einfach-geld-ordnen\pillar\index.md","48","{{ site.baseurl }}/index.html"
"C:\Users\carst\Projekte\Einfach-Geld-Ordnen\GitHub_Clone_Dateien\einfach-geld-ordnen\pillar\index.md","49","{{ site.baseurl }}/seiten/haushaltsbuch-vollversion.html"
"C:\Users\carst\Projekte\Einfach-Geld-Ordnen\GitHub_Clone_Dateien\einfach-geld-ordnen\pillar\index.md","56","{{ site.baseurl }}/seiten/haushaltsbuch-vollversion.html"
"C:\Users\carst\Projekte\Einfach-Geld-Ordnen\GitHub_Clone_Dateien\einfach-geld-ordnen\pillar\index.md","65","{{ site.baseurl }}/index.html"
"C:\Users\carst\Projekte\Einfach-Geld-Ordnen\GitHub_Clone_Dateien\einfach-geld-ordnen\pillar\index.md","66","{{ site.baseurl }}/seiten/haushaltsbuch-vollversion.html"
"C:\Users\carst\Projekte\Einfach-Geld-Ordnen\GitHub_Clone_Dateien\einfach-geld-ordnen\pillar\index.md","74","{{ site.baseurl }}/pillar/einfach-geld-ordnen.html"
"C:\Users\carst\Projekte\Einfach-Geld-Ordnen\GitHub_Clone_Dateien\einfach-geld-ordnen\pillar\index.md","75","{{ site.baseurl }}/seiten/haushaltsbuch.html"
"C:\Users\carst\Projekte\Einfach-Geld-Ordnen\GitHub_Clone_Dateien\einfach-geld-ordnen\pillar\ordnung-halten.md","58","{{ ""/pillar/spielraum-ruecklagen.html"" | relative_url }}"
"C:\Users\carst\Projekte\Einfach-Geld-Ordnen\GitHub_Clone_Dateien\einfach-geld-ordnen\pillar\ordnung-halten.md","59","{{ ""/pillar/index.html"" | relative_url }}"
"C:\Users\carst\Projekte\Einfach-Geld-Ordnen\GitHub_Clone_Dateien\einfach-geld-ordnen\pillar\ordnung-halten.md","60","{{ ""/pillar/index.html"" | relative_url }}"
"C:\Users\carst\Projekte\Einfach-Geld-Ordnen\GitHub_Clone_Dateien\einfach-geld-ordnen\pillar\ordnung-halten.md","68","{{ site.baseurl }}/index.html"
"C:\Users\carst\Projekte\Einfach-Geld-Ordnen\GitHub_Clone_Dateien\einfach-geld-ordnen\pillar\ordnung-halten.md","69","{{ site.baseurl }}/seiten/haushaltsbuch-vollversion.html"
"C:\Users\carst\Projekte\Einfach-Geld-Ordnen\GitHub_Clone_Dateien\einfach-geld-ordnen\pillar\ordnung-halten.md","76","{{ site.baseurl }}/seiten/haushaltsbuch-vollversion.html"
"C:\Users\carst\Projekte\Einfach-Geld-Ordnen\GitHub_Clone_Dateien\einfach-geld-ordnen\pillar\ordnung-halten.md","85","{{ site.baseurl }}/index.html"
"C:\Users\carst\Projekte\Einfach-Geld-Ordnen\GitHub_Clone_Dateien\einfach-geld-ordnen\pillar\ordnung-halten.md","86","{{ site.baseurl }}/seiten/haushaltsbuch-vollversion.html"
"C:\Users\carst\Projekte\Einfach-Geld-Ordnen\GitHub_Clone_Dateien\einfach-geld-ordnen\pillar\ordnung-halten.md","94","{{ site.baseurl }}/pillar/einfach-geld-ordnen.html"
"C:\Users\carst\Projekte\Einfach-Geld-Ordnen\GitHub_Clone_Dateien\einfach-geld-ordnen\pillar\ordnung-halten.md","95","{{ site.baseurl }}/seiten/haushaltsbuch.html"
"C:\Users\carst\Projekte\Einfach-Geld-Ordnen\GitHub_Clone_Dateien\einfach-geld-ordnen\pillar\spielraum-ruecklagen.md","92","{{ ""/pillar/ordnung-halten.html"" | relative_url }}"
"C:\Users\carst\Projekte\Einfach-Geld-Ordnen\GitHub_Clone_Dateien\einfach-geld-ordnen\pillar\spielraum-ruecklagen.md","97","{{ ""/seiten/stromkosten-haushalt.html"" | relative_url }}"
"C:\Users\carst\Projekte\Einfach-Geld-Ordnen\GitHub_Clone_Dateien\einfach-geld-ordnen\pillar\spielraum-ruecklagen.md","98","{{ ""/pillar/index.html"" | relative_url }}"
"C:\Users\carst\Projekte\Einfach-Geld-Ordnen\GitHub_Clone_Dateien\einfach-geld-ordnen\pillar\spielraum-ruecklagen.md","99","{{ ""/pillar/ordnung-halten.html"" | relative_url }}"
"C:\Users\carst\Projekte\Einfach-Geld-Ordnen\GitHub_Clone_Dateien\einfach-geld-ordnen\pillar\spielraum-ruecklagen.md","107","{{ site.baseurl }}/index.html"
"C:\Users\carst\Projekte\Einfach-Geld-Ordnen\GitHub_Clone_Dateien\einfach-geld-ordnen\pillar\spielraum-ruecklagen.md","108","{{ site.baseurl }}/seiten/haushaltsbuch-vollversion.html"
"C:\Users\carst\Projekte\Einfach-Geld-Ordnen\GitHub_Clone_Dateien\einfach-geld-ordnen\pillar\spielraum-ruecklagen.md","115","{{ site.baseurl }}/seiten/haushaltsbuch-vollversion.html"
"C:\Users\carst\Projekte\Einfach-Geld-Ordnen\GitHub_Clone_Dateien\einfach-geld-ordnen\pillar\spielraum-ruecklagen.md","124","{{ site.baseurl }}/index.html"
"C:\Users\carst\Projekte\Einfach-Geld-Ordnen\GitHub_Clone_Dateien\einfach-geld-ordnen\pillar\spielraum-ruecklagen.md","125","{{ site.baseurl }}/seiten/haushaltsbuch-vollversion.html"
"C:\Users\carst\Projekte\Einfach-Geld-Ordnen\GitHub_Clone_Dateien\einfach-geld-ordnen\pillar\spielraum-ruecklagen.md","133","{{ site.baseurl }}/pillar/einfach-geld-ordnen.html"
"C:\Users\carst\Projekte\Einfach-Geld-Ordnen\GitHub_Clone_Dateien\einfach-geld-ordnen\pillar\spielraum-ruecklagen.md","134","{{ site.baseurl }}/seiten/haushaltsbuch.html"
"C:\Users\carst\Projekte\Einfach-Geld-Ordnen\GitHub_Clone_Dateien\einfach-geld-ordnen\seiten\changelog.md","26","{{ site.baseurl }}/index.html"
"C:\Users\carst\Projekte\Einfach-Geld-Ordnen\GitHub_Clone_Dateien\einfach-geld-ordnen\seiten\changelog.md","27","{{ site.baseurl }}/pillar/index.html"
"C:\Users\carst\Projekte\Einfach-Geld-Ordnen\GitHub_Clone_Dateien\einfach-geld-ordnen\seiten\changelog.md","28","{{ site.baseurl }}/seiten/governance.html"
"C:\Users\carst\Projekte\Einfach-Geld-Ordnen\GitHub_Clone_Dateien\einfach-geld-ordnen\seiten\changelog.md","34","{{ site.baseurl }}/index.html"
"C:\Users\carst\Projekte\Einfach-Geld-Ordnen\GitHub_Clone_Dateien\einfach-geld-ordnen\seiten\changelog.md","43","{{ site.baseurl }}/index.html"
"C:\Users\carst\Projekte\Einfach-Geld-Ordnen\GitHub_Clone_Dateien\einfach-geld-ordnen\seiten\changelog.md","44","{{ site.baseurl }}/seiten/governance.html"
"C:\Users\carst\Projekte\Einfach-Geld-Ordnen\GitHub_Clone_Dateien\einfach-geld-ordnen\seiten\changelog.md","52","{{ site.baseurl }}/pillar/einfach-geld-ordnen.html"
"C:\Users\carst\Projekte\Einfach-Geld-Ordnen\GitHub_Clone_Dateien\einfach-geld-ordnen\seiten\changelog.md","53","{{ site.baseurl }}/seiten/haushaltsbuch.html"
"C:\Users\carst\Projekte\Einfach-Geld-Ordnen\GitHub_Clone_Dateien\einfach-geld-ordnen\seiten\datenschutz.md","81","{{ site.baseurl }}/index.html"
"C:\Users\carst\Projekte\Einfach-Geld-Ordnen\GitHub_Clone_Dateien\einfach-geld-ordnen\seiten\datenschutz.md","90","{{ site.baseurl }}/index.html"
"C:\Users\carst\Projekte\Einfach-Geld-Ordnen\GitHub_Clone_Dateien\einfach-geld-ordnen\seiten\datenschutz.md","98","{{ site.baseurl }}/pillar/einfach-geld-ordnen.html"
"C:\Users\carst\Projekte\Einfach-Geld-Ordnen\GitHub_Clone_Dateien\einfach-geld-ordnen\seiten\datenschutz.md","99","{{ site.baseurl }}/seiten/haushaltsbuch.html"
"C:\Users\carst\Projekte\Einfach-Geld-Ordnen\GitHub_Clone_Dateien\einfach-geld-ordnen\seiten\der-weg.md","13","{{ ""/seiten/haushaltsbuch-excel.html"" | relative_url }}"
"C:\Users\carst\Projekte\Einfach-Geld-Ordnen\GitHub_Clone_Dateien\einfach-geld-ordnen\seiten\der-weg.md","16","{{ ""/seiten/fixkosten-uebersicht.html"" | relative_url }}"
"C:\Users\carst\Projekte\Einfach-Geld-Ordnen\GitHub_Clone_Dateien\einfach-geld-ordnen\seiten\der-weg.md","19","{{ ""/seiten/monatliche-ausgaben.html"" | relative_url }}"
"C:\Users\carst\Projekte\Einfach-Geld-Ordnen\GitHub_Clone_Dateien\einfach-geld-ordnen\seiten\der-weg.md","22","{{ ""/seiten/nebenkosten-miete.html"" | relative_url }}"
"C:\Users\carst\Projekte\Einfach-Geld-Ordnen\GitHub_Clone_Dateien\einfach-geld-ordnen\seiten\der-weg.md","23","{{ ""/seiten/stromkosten-haushalt.html"" | relative_url }}"
"C:\Users\carst\Projekte\Einfach-Geld-Ordnen\GitHub_Clone_Dateien\einfach-geld-ordnen\seiten\der-weg.md","28","{{ ""/pillar/index.html"" | relative_url }}"
"C:\Users\carst\Projekte\Einfach-Geld-Ordnen\GitHub_Clone_Dateien\einfach-geld-ordnen\seiten\der-weg.md","29","{{ ""/pillar/index.html"" | relative_url }}"
"C:\Users\carst\Projekte\Einfach-Geld-Ordnen\GitHub_Clone_Dateien\einfach-geld-ordnen\seiten\der-weg.md","30","{{ ""/seiten/haushaltsbuch-excel.html"" | relative_url }}"
"C:\Users\carst\Projekte\Einfach-Geld-Ordnen\GitHub_Clone_Dateien\einfach-geld-ordnen\seiten\der-weg.md","36","{{ site.baseurl }}/index.html"
"C:\Users\carst\Projekte\Einfach-Geld-Ordnen\GitHub_Clone_Dateien\einfach-geld-ordnen\seiten\der-weg.md","37","{{ site.baseurl }}/seiten/haushaltsbuch-vollversion.html"
"C:\Users\carst\Projekte\Einfach-Geld-Ordnen\GitHub_Clone_Dateien\einfach-geld-ordnen\seiten\der-weg.md","44","{{ site.baseurl }}/pillar/"
"C:\Users\carst\Projekte\Einfach-Geld-Ordnen\GitHub_Clone_Dateien\einfach-geld-ordnen\seiten\der-weg.md","45","{{ site.baseurl }}/seiten/haushaltsbuch-vollversion.html"
"C:\Users\carst\Projekte\Einfach-Geld-Ordnen\GitHub_Clone_Dateien\einfach-geld-ordnen\seiten\der-weg.md","54","{{ site.baseurl }}/index.html"
"C:\Users\carst\Projekte\Einfach-Geld-Ordnen\GitHub_Clone_Dateien\einfach-geld-ordnen\seiten\der-weg.md","55","{{ site.baseurl }}/seiten/haushaltsbuch-vollversion.html"
"C:\Users\carst\Projekte\Einfach-Geld-Ordnen\GitHub_Clone_Dateien\einfach-geld-ordnen\seiten\der-weg.md","63","{{ site.baseurl }}/pillar/einfach-geld-ordnen.html"
"C:\Users\carst\Projekte\Einfach-Geld-Ordnen\GitHub_Clone_Dateien\einfach-geld-ordnen\seiten\der-weg.md","64","{{ site.baseurl }}/seiten/haushaltsbuch.html"
"C:\Users\carst\Projekte\Einfach-Geld-Ordnen\GitHub_Clone_Dateien\einfach-geld-ordnen\seiten\faq_probleme_loesen.md","31","{{ site.baseurl }}/index.html"
"C:\Users\carst\Projekte\Einfach-Geld-Ordnen\GitHub_Clone_Dateien\einfach-geld-ordnen\seiten\faq_probleme_loesen.md","32","{{ site.baseurl }}/pillar/einfach-geld-ordnen.html"
"C:\Users\carst\Projekte\Einfach-Geld-Ordnen\GitHub_Clone_Dateien\einfach-geld-ordnen\seiten\faq_probleme_loesen.md","33","{{ site.baseurl }}/seiten/haushaltsbuch.html"
"C:\Users\carst\Projekte\Einfach-Geld-Ordnen\GitHub_Clone_Dateien\einfach-geld-ordnen\seiten\faq_probleme_loesen.md","34","{{ site.baseurl }}/seiten/start_in_15_minuten.html"
"C:\Users\carst\Projekte\Einfach-Geld-Ordnen\GitHub_Clone_Dateien\einfach-geld-ordnen\seiten\faq_probleme_loesen.md","35","{{ site.baseurl }}/seiten/faq_probleme_loesen.html"
"C:\Users\carst\Projekte\Einfach-Geld-Ordnen\GitHub_Clone_Dateien\einfach-geld-ordnen\seiten\faq_probleme_loesen.md","36","{{ site.baseurl }}/seiten/nach_dem_kauf.html"
"C:\Users\carst\Projekte\Einfach-Geld-Ordnen\GitHub_Clone_Dateien\einfach-geld-ordnen\seiten\faq_probleme_loesen.md","37","{{ site.baseurl }}/seiten/self_service.html"
"C:\Users\carst\Projekte\Einfach-Geld-Ordnen\GitHub_Clone_Dateien\einfach-geld-ordnen\seiten\fixkosten-uebersicht.md","59","{{ site.baseurl }}/seiten/haushaltsbuch-excel.html"
"C:\Users\carst\Projekte\Einfach-Geld-Ordnen\GitHub_Clone_Dateien\einfach-geld-ordnen\seiten\fixkosten-uebersicht.md","60","{{ site.baseurl }}/pillar/index.html"
"C:\Users\carst\Projekte\Einfach-Geld-Ordnen\GitHub_Clone_Dateien\einfach-geld-ordnen\seiten\fixkosten-uebersicht.md","61","{{ site.baseurl }}/seiten/monatliche-ausgaben.html"
"C:\Users\carst\Projekte\Einfach-Geld-Ordnen\GitHub_Clone_Dateien\einfach-geld-ordnen\seiten\fixkosten-uebersicht.md","67","{{ site.baseurl }}/index.html"
"C:\Users\carst\Projekte\Einfach-Geld-Ordnen\GitHub_Clone_Dateien\einfach-geld-ordnen\seiten\fixkosten-uebersicht.md","68","{{ site.baseurl }}/seiten/haushaltsbuch-vollversion.html"
"C:\Users\carst\Projekte\Einfach-Geld-Ordnen\GitHub_Clone_Dateien\einfach-geld-ordnen\seiten\fixkosten-uebersicht.md","75","{{ site.baseurl }}/pillar/"
"C:\Users\carst\Projekte\Einfach-Geld-Ordnen\GitHub_Clone_Dateien\einfach-geld-ordnen\seiten\fixkosten-uebersicht.md","76","{{ site.baseurl }}/seiten/haushaltsbuch-vollversion.html"
"C:\Users\carst\Projekte\Einfach-Geld-Ordnen\GitHub_Clone_Dateien\einfach-geld-ordnen\seiten\fixkosten-uebersicht.md","85","{{ site.baseurl }}/index.html"
"C:\Users\carst\Projekte\Einfach-Geld-Ordnen\GitHub_Clone_Dateien\einfach-geld-ordnen\seiten\fixkosten-uebersicht.md","86","{{ site.baseurl }}/seiten/haushaltsbuch-vollversion.html"
"C:\Users\carst\Projekte\Einfach-Geld-Ordnen\GitHub_Clone_Dateien\einfach-geld-ordnen\seiten\fixkosten-uebersicht.md","94","{{ site.baseurl }}/pillar/einfach-geld-ordnen.html"
"C:\Users\carst\Projekte\Einfach-Geld-Ordnen\GitHub_Clone_Dateien\einfach-geld-ordnen\seiten\fixkosten-uebersicht.md","95","{{ site.baseurl }}/seiten/haushaltsbuch.html"
"C:\Users\carst\Projekte\Einfach-Geld-Ordnen\GitHub_Clone_Dateien\einfach-geld-ordnen\seiten\governance.md","76","{{ site.baseurl }}/seiten/qa-release-gate.html"
"C:\Users\carst\Projekte\Einfach-Geld-Ordnen\GitHub_Clone_Dateien\einfach-geld-ordnen\seiten\governance.md","79","{{ site.baseurl }}/seiten/changelog.html"
"C:\Users\carst\Projekte\Einfach-Geld-Ordnen\GitHub_Clone_Dateien\einfach-geld-ordnen\seiten\governance.md","92","{{ site.baseurl }}/index.html"
"C:\Users\carst\Projekte\Einfach-Geld-Ordnen\GitHub_Clone_Dateien\einfach-geld-ordnen\seiten\governance.md","93","{{ site.baseurl }}/pillar/index.html"
"C:\Users\carst\Projekte\Einfach-Geld-Ordnen\GitHub_Clone_Dateien\einfach-geld-ordnen\seiten\governance.md","94","{{ site.baseurl }}/seiten/qa-release-gate.html"
"C:\Users\carst\Projekte\Einfach-Geld-Ordnen\GitHub_Clone_Dateien\einfach-geld-ordnen\seiten\governance.md","100","{{ site.baseurl }}/index.html"
"C:\Users\carst\Projekte\Einfach-Geld-Ordnen\GitHub_Clone_Dateien\einfach-geld-ordnen\seiten\governance.md","109","{{ site.baseurl }}/index.html"
"C:\Users\carst\Projekte\Einfach-Geld-Ordnen\GitHub_Clone_Dateien\einfach-geld-ordnen\seiten\governance.md","110","{{ site.baseurl }}/seiten/governance.html"
"C:\Users\carst\Projekte\Einfach-Geld-Ordnen\GitHub_Clone_Dateien\einfach-geld-ordnen\seiten\governance.md","118","{{ site.baseurl }}/pillar/einfach-geld-ordnen.html"
"C:\Users\carst\Projekte\Einfach-Geld-Ordnen\GitHub_Clone_Dateien\einfach-geld-ordnen\seiten\governance.md","119","{{ site.baseurl }}/seiten/haushaltsbuch.html"
"C:\Users\carst\Projekte\Einfach-Geld-Ordnen\GitHub_Clone_Dateien\einfach-geld-ordnen\seiten\haushaltsbuch.md","19","{{ site.baseurl }}/seiten/fixkosten-uebersicht.html"
"C:\Users\carst\Projekte\Einfach-Geld-Ordnen\GitHub_Clone_Dateien\einfach-geld-ordnen\seiten\haushaltsbuch.md","20","{{ site.baseurl }}/seiten/monatliche-ausgaben.html"
"C:\Users\carst\Projekte\Einfach-Geld-Ordnen\GitHub_Clone_Dateien\einfach-geld-ordnen\seiten\haushaltsbuch.md","23","{{ site.baseurl }}/pillar/einfach-geld-ordnen-haushaltsbuch.html"
"C:\Users\carst\Projekte\Einfach-Geld-Ordnen\GitHub_Clone_Dateien\einfach-geld-ordnen\seiten\haushaltsbuch.md","29","{{ site.baseurl }}/seiten/fixkosten-uebersicht.html"
"C:\Users\carst\Projekte\Einfach-Geld-Ordnen\GitHub_Clone_Dateien\einfach-geld-ordnen\seiten\haushaltsbuch.md","30","{{ site.baseurl }}/seiten/monatliche-ausgaben.html"
"C:\Users\carst\Projekte\Einfach-Geld-Ordnen\GitHub_Clone_Dateien\einfach-geld-ordnen\seiten\haushaltsbuch.md","31","{{ site.baseurl }}/seiten/variable-ausgaben.html"
"C:\Users\carst\Projekte\Einfach-Geld-Ordnen\GitHub_Clone_Dateien\einfach-geld-ordnen\seiten\haushaltsbuch.md","32","{{ site.baseurl }}/seiten/spielraum-ruecklagen.html"
"C:\Users\carst\Projekte\Einfach-Geld-Ordnen\GitHub_Clone_Dateien\einfach-geld-ordnen\seiten\haushaltsbuch.md","33","{{ site.baseurl }}/seiten/haushaltsueberblick.html"
"C:\Users\carst\Projekte\Einfach-Geld-Ordnen\GitHub_Clone_Dateien\einfach-geld-ordnen\seiten\haushaltsbuch.md","34","{{ site.baseurl }}/seiten/ordnung-halten.html"
"C:\Users\carst\Projekte\Einfach-Geld-Ordnen\GitHub_Clone_Dateien\einfach-geld-ordnen\seiten\haushaltsbuch.md","39","{{ site.baseurl }}/index.html"
"C:\Users\carst\Projekte\Einfach-Geld-Ordnen\GitHub_Clone_Dateien\einfach-geld-ordnen\seiten\haushaltsbuch.md","40","{{ site.baseurl }}/pillar/index.html"
"C:\Users\carst\Projekte\Einfach-Geld-Ordnen\GitHub_Clone_Dateien\einfach-geld-ordnen\seiten\haushaltsbuch.md","41","{{ site.baseurl }}/seiten/fixkosten-uebersicht.html"
"C:\Users\carst\Projekte\Einfach-Geld-Ordnen\GitHub_Clone_Dateien\einfach-geld-ordnen\seiten\haushaltsbuch.md","47","{{ site.baseurl }}/index.html"
"C:\Users\carst\Projekte\Einfach-Geld-Ordnen\GitHub_Clone_Dateien\einfach-geld-ordnen\seiten\haushaltsbuch.md","48","{{ site.baseurl }}/seiten/haushaltsbuch-vollversion.html"
"C:\Users\carst\Projekte\Einfach-Geld-Ordnen\GitHub_Clone_Dateien\einfach-geld-ordnen\seiten\haushaltsbuch.md","55","{{ site.baseurl }}/pillar/"
"C:\Users\carst\Projekte\Einfach-Geld-Ordnen\GitHub_Clone_Dateien\einfach-geld-ordnen\seiten\haushaltsbuch.md","56","{{ site.baseurl }}/seiten/haushaltsbuch-vollversion.html"
"C:\Users\carst\Projekte\Einfach-Geld-Ordnen\GitHub_Clone_Dateien\einfach-geld-ordnen\seiten\haushaltsbuch.md","65","{{ site.baseurl }}/index.html"
"C:\Users\carst\Projekte\Einfach-Geld-Ordnen\GitHub_Clone_Dateien\einfach-geld-ordnen\seiten\haushaltsbuch.md","66","{{ site.baseurl }}/seiten/haushaltsbuch-vollversion.html"
"C:\Users\carst\Projekte\Einfach-Geld-Ordnen\GitHub_Clone_Dateien\einfach-geld-ordnen\seiten\haushaltsbuch.md","74","{{ site.baseurl }}/pillar/einfach-geld-ordnen.html"
"C:\Users\carst\Projekte\Einfach-Geld-Ordnen\GitHub_Clone_Dateien\einfach-geld-ordnen\seiten\haushaltsbuch.md","75","{{ site.baseurl }}/seiten/haushaltsbuch.html"
"C:\Users\carst\Projekte\Einfach-Geld-Ordnen\GitHub_Clone_Dateien\einfach-geld-ordnen\seiten\haushaltsbuch-excel.md","17","{{ ""/seiten/haushaltsbuch.html"" | relative_url }}"
"C:\Users\carst\Projekte\Einfach-Geld-Ordnen\GitHub_Clone_Dateien\einfach-geld-ordnen\seiten\haushaltsbuch-excel.md","20","{{ ""/seiten/fixkosten-uebersicht.html"" | relative_url }}"
"C:\Users\carst\Projekte\Einfach-Geld-Ordnen\GitHub_Clone_Dateien\einfach-geld-ordnen\seiten\haushaltsbuch-excel.md","23","{{ ""/seiten/monatliche-ausgaben.html"" | relative_url }}"
"C:\Users\carst\Projekte\Einfach-Geld-Ordnen\GitHub_Clone_Dateien\einfach-geld-ordnen\seiten\haushaltsbuch-excel.md","35","{{ ""/seiten/der-weg.html"" | relative_url }}"
"C:\Users\carst\Projekte\Einfach-Geld-Ordnen\GitHub_Clone_Dateien\einfach-geld-ordnen\seiten\haushaltsbuch-excel.md","36","{{ ""/pillar/index.html"" | relative_url }}"
"C:\Users\carst\Projekte\Einfach-Geld-Ordnen\GitHub_Clone_Dateien\einfach-geld-ordnen\seiten\haushaltsbuch-excel.md","37","{{ ""/seiten/fixkosten-uebersicht.html"" | relative_url }}"
"C:\Users\carst\Projekte\Einfach-Geld-Ordnen\GitHub_Clone_Dateien\einfach-geld-ordnen\seiten\haushaltsbuch-excel.md","43","{{ site.baseurl }}/index.html"
"C:\Users\carst\Projekte\Einfach-Geld-Ordnen\GitHub_Clone_Dateien\einfach-geld-ordnen\seiten\haushaltsbuch-excel.md","44","{{ site.baseurl }}/seiten/haushaltsbuch-vollversion.html"
"C:\Users\carst\Projekte\Einfach-Geld-Ordnen\GitHub_Clone_Dateien\einfach-geld-ordnen\seiten\haushaltsbuch-excel.md","51","{{ site.baseurl }}/seiten/haushaltsbuch-vollversion.html"
"C:\Users\carst\Projekte\Einfach-Geld-Ordnen\GitHub_Clone_Dateien\einfach-geld-ordnen\seiten\haushaltsbuch-excel.md","60","{{ site.baseurl }}/index.html"
"C:\Users\carst\Projekte\Einfach-Geld-Ordnen\GitHub_Clone_Dateien\einfach-geld-ordnen\seiten\haushaltsbuch-excel.md","61","{{ site.baseurl }}/seiten/haushaltsbuch-vollversion.html"
"C:\Users\carst\Projekte\Einfach-Geld-Ordnen\GitHub_Clone_Dateien\einfach-geld-ordnen\seiten\haushaltsbuch-excel.md","69","{{ site.baseurl }}/pillar/einfach-geld-ordnen.html"
"C:\Users\carst\Projekte\Einfach-Geld-Ordnen\GitHub_Clone_Dateien\einfach-geld-ordnen\seiten\haushaltsbuch-excel.md","70","{{ site.baseurl }}/seiten/haushaltsbuch.html"
"C:\Users\carst\Projekte\Einfach-Geld-Ordnen\GitHub_Clone_Dateien\einfach-geld-ordnen\seiten\haushaltsbuch-vollversion.md","85","{{ site.baseurl }}/seiten/haushaltsbuch-vorlage-kostenlos.html"
"C:\Users\carst\Projekte\Einfach-Geld-Ordnen\GitHub_Clone_Dateien\einfach-geld-ordnen\seiten\haushaltsbuch-vollversion.md","88","{{ site.baseurl }}/seiten/haushaltsbuch.html"
"C:\Users\carst\Projekte\Einfach-Geld-Ordnen\GitHub_Clone_Dateien\einfach-geld-ordnen\seiten\haushaltsbuch-vollversion.md","91","{{ site.baseurl }}/index.html"
"C:\Users\carst\Projekte\Einfach-Geld-Ordnen\GitHub_Clone_Dateien\einfach-geld-ordnen\seiten\haushaltsbuch-vollversion.md","97","{{ site.baseurl }}/index.html"
"C:\Users\carst\Projekte\Einfach-Geld-Ordnen\GitHub_Clone_Dateien\einfach-geld-ordnen\seiten\haushaltsbuch-vollversion.md","98","{{ site.baseurl }}/seiten/haushaltsbuch-vollversion.html"
"C:\Users\carst\Projekte\Einfach-Geld-Ordnen\GitHub_Clone_Dateien\einfach-geld-ordnen\seiten\haushaltsbuch-vollversion.md","105","{{ site.baseurl }}/index.html"
"C:\Users\carst\Projekte\Einfach-Geld-Ordnen\GitHub_Clone_Dateien\einfach-geld-ordnen\seiten\haushaltsbuch-vollversion.md","114","{{ site.baseurl }}/index.html"
"C:\Users\carst\Projekte\Einfach-Geld-Ordnen\GitHub_Clone_Dateien\einfach-geld-ordnen\seiten\haushaltsbuch-vollversion.md","115","{{ site.baseurl }}/seiten/haushaltsbuch-vollversion.html"
"C:\Users\carst\Projekte\Einfach-Geld-Ordnen\GitHub_Clone_Dateien\einfach-geld-ordnen\seiten\haushaltsbuch-vollversion.md","123","{{ site.baseurl }}/pillar/einfach-geld-ordnen.html"
"C:\Users\carst\Projekte\Einfach-Geld-Ordnen\GitHub_Clone_Dateien\einfach-geld-ordnen\seiten\haushaltsbuch-vollversion.md","124","{{ site.baseurl }}/seiten/haushaltsbuch.html"
"C:\Users\carst\Projekte\Einfach-Geld-Ordnen\GitHub_Clone_Dateien\einfach-geld-ordnen\seiten\haushaltsbuch-vorlage-kostenlos.md","14","{{ ""/seiten/haushaltsbuch.html"" | relative_url }}"
"C:\Users\carst\Projekte\Einfach-Geld-Ordnen\GitHub_Clone_Dateien\einfach-geld-ordnen\seiten\haushaltsbuch-vorlage-kostenlos.md","19","{{ ""/seiten/haushaltsbuch-excel.html"" | relative_url }}"
"C:\Users\carst\Projekte\Einfach-Geld-Ordnen\GitHub_Clone_Dateien\einfach-geld-ordnen\seiten\haushaltsbuch-vorlage-kostenlos.md","20","{{ ""/pillar/index.html"" | relative_url }}"
"C:\Users\carst\Projekte\Einfach-Geld-Ordnen\GitHub_Clone_Dateien\einfach-geld-ordnen\seiten\haushaltsbuch-vorlage-kostenlos.md","21","{{ ""/seiten/haushaltsbuch-vollversion.html"" | relative_url }}"
"C:\Users\carst\Projekte\Einfach-Geld-Ordnen\GitHub_Clone_Dateien\einfach-geld-ordnen\seiten\haushaltsbuch-vorlage-kostenlos.md","27","{{ site.baseurl }}/index.html"
"C:\Users\carst\Projekte\Einfach-Geld-Ordnen\GitHub_Clone_Dateien\einfach-geld-ordnen\seiten\haushaltsbuch-vorlage-kostenlos.md","28","{{ site.baseurl }}/seiten/haushaltsbuch-vollversion.html"
"C:\Users\carst\Projekte\Einfach-Geld-Ordnen\GitHub_Clone_Dateien\einfach-geld-ordnen\seiten\haushaltsbuch-vorlage-kostenlos.md","35","{{ site.baseurl }}/seiten/haushaltsbuch.html"
"C:\Users\carst\Projekte\Einfach-Geld-Ordnen\GitHub_Clone_Dateien\einfach-geld-ordnen\seiten\haushaltsbuch-vorlage-kostenlos.md","36","{{ site.baseurl }}/seiten/haushaltsbuch-vollversion.html"
"C:\Users\carst\Projekte\Einfach-Geld-Ordnen\GitHub_Clone_Dateien\einfach-geld-ordnen\seiten\haushaltsbuch-vorlage-kostenlos.md","45","{{ site.baseurl }}/index.html"
"C:\Users\carst\Projekte\Einfach-Geld-Ordnen\GitHub_Clone_Dateien\einfach-geld-ordnen\seiten\haushaltsbuch-vorlage-kostenlos.md","46","{{ site.baseurl }}/seiten/haushaltsbuch-vollversion.html"
"C:\Users\carst\Projekte\Einfach-Geld-Ordnen\GitHub_Clone_Dateien\einfach-geld-ordnen\seiten\haushaltsbuch-vorlage-kostenlos.md","54","{{ site.baseurl }}/pillar/einfach-geld-ordnen.html"
"C:\Users\carst\Projekte\Einfach-Geld-Ordnen\GitHub_Clone_Dateien\einfach-geld-ordnen\seiten\haushaltsbuch-vorlage-kostenlos.md","55","{{ site.baseurl }}/seiten/haushaltsbuch.html"
"C:\Users\carst\Projekte\Einfach-Geld-Ordnen\GitHub_Clone_Dateien\einfach-geld-ordnen\seiten\haushaltsueberblick.md","45","{{ site.baseurl }}/seiten/spielraum-ruecklagen.html"
"C:\Users\carst\Projekte\Einfach-Geld-Ordnen\GitHub_Clone_Dateien\einfach-geld-ordnen\seiten\haushaltsueberblick.md","46","{{ site.baseurl }}/pillar/index.html"
"C:\Users\carst\Projekte\Einfach-Geld-Ordnen\GitHub_Clone_Dateien\einfach-geld-ordnen\seiten\haushaltsueberblick.md","47","{{ site.baseurl }}/seiten/ordnung-halten.html"
"C:\Users\carst\Projekte\Einfach-Geld-Ordnen\GitHub_Clone_Dateien\einfach-geld-ordnen\seiten\haushaltsueberblick.md","53","{{ site.baseurl }}/index.html"
"C:\Users\carst\Projekte\Einfach-Geld-Ordnen\GitHub_Clone_Dateien\einfach-geld-ordnen\seiten\haushaltsueberblick.md","54","{{ site.baseurl }}/seiten/haushaltsbuch-vollversion.html"
"C:\Users\carst\Projekte\Einfach-Geld-Ordnen\GitHub_Clone_Dateien\einfach-geld-ordnen\seiten\haushaltsueberblick.md","61","{{ site.baseurl }}/pillar/"
"C:\Users\carst\Projekte\Einfach-Geld-Ordnen\GitHub_Clone_Dateien\einfach-geld-ordnen\seiten\haushaltsueberblick.md","62","{{ site.baseurl }}/seiten/haushaltsbuch-vollversion.html"
"C:\Users\carst\Projekte\Einfach-Geld-Ordnen\GitHub_Clone_Dateien\einfach-geld-ordnen\seiten\haushaltsueberblick.md","71","{{ site.baseurl }}/index.html"
"C:\Users\carst\Projekte\Einfach-Geld-Ordnen\GitHub_Clone_Dateien\einfach-geld-ordnen\seiten\haushaltsueberblick.md","72","{{ site.baseurl }}/seiten/haushaltsbuch-vollversion.html"
"C:\Users\carst\Projekte\Einfach-Geld-Ordnen\GitHub_Clone_Dateien\einfach-geld-ordnen\seiten\haushaltsueberblick.md","80","{{ site.baseurl }}/pillar/einfach-geld-ordnen.html"
"C:\Users\carst\Projekte\Einfach-Geld-Ordnen\GitHub_Clone_Dateien\einfach-geld-ordnen\seiten\haushaltsueberblick.md","81","{{ site.baseurl }}/seiten/haushaltsbuch.html"
"C:\Users\carst\Projekte\Einfach-Geld-Ordnen\GitHub_Clone_Dateien\einfach-geld-ordnen\seiten\impressum.md","56","{{ site.baseurl }}/index.html"
"C:\Users\carst\Projekte\Einfach-Geld-Ordnen\GitHub_Clone_Dateien\einfach-geld-ordnen\seiten\impressum.md","65","{{ site.baseurl }}/index.html"
"C:\Users\carst\Projekte\Einfach-Geld-Ordnen\GitHub_Clone_Dateien\einfach-geld-ordnen\seiten\impressum.md","73","{{ site.baseurl }}/pillar/einfach-geld-ordnen.html"
"C:\Users\carst\Projekte\Einfach-Geld-Ordnen\GitHub_Clone_Dateien\einfach-geld-ordnen\seiten\impressum.md","74","{{ site.baseurl }}/seiten/haushaltsbuch.html"
"C:\Users\carst\Projekte\Einfach-Geld-Ordnen\GitHub_Clone_Dateien\einfach-geld-ordnen\seiten\index.md","20","{{ site.baseurl }}/seiten/haushaltsbuch.html"
"C:\Users\carst\Projekte\Einfach-Geld-Ordnen\GitHub_Clone_Dateien\einfach-geld-ordnen\seiten\index.md","23","{{ site.baseurl }}/seiten/fixkosten-uebersicht.html"
"C:\Users\carst\Projekte\Einfach-Geld-Ordnen\GitHub_Clone_Dateien\einfach-geld-ordnen\seiten\index.md","24","{{ site.baseurl }}/seiten/monatliche-ausgaben.html"
"C:\Users\carst\Projekte\Einfach-Geld-Ordnen\GitHub_Clone_Dateien\einfach-geld-ordnen\seiten\index.md","32","{{ site.baseurl }}/seiten/fixkosten-uebersicht.html"
"C:\Users\carst\Projekte\Einfach-Geld-Ordnen\GitHub_Clone_Dateien\einfach-geld-ordnen\seiten\index.md","33","{{ site.baseurl }}/seiten/monatliche-ausgaben.html"
"C:\Users\carst\Projekte\Einfach-Geld-Ordnen\GitHub_Clone_Dateien\einfach-geld-ordnen\seiten\index.md","34","{{ site.baseurl }}/seiten/variable-ausgaben.html"
"C:\Users\carst\Projekte\Einfach-Geld-Ordnen\GitHub_Clone_Dateien\einfach-geld-ordnen\seiten\index.md","35","{{ site.baseurl }}/seiten/spielraum-ruecklagen.html"
"C:\Users\carst\Projekte\Einfach-Geld-Ordnen\GitHub_Clone_Dateien\einfach-geld-ordnen\seiten\index.md","36","{{ site.baseurl }}/seiten/haushaltsueberblick.html"
"C:\Users\carst\Projekte\Einfach-Geld-Ordnen\GitHub_Clone_Dateien\einfach-geld-ordnen\seiten\index.md","43","{{ site.baseurl }}/seiten/haushaltsbuch-vollversion.html"
"C:\Users\carst\Projekte\Einfach-Geld-Ordnen\GitHub_Clone_Dateien\einfach-geld-ordnen\seiten\index.md","46","{{ site.baseurl }}/seiten/haushaltsbuch-vorlage-kostenlos.html"
"C:\Users\carst\Projekte\Einfach-Geld-Ordnen\GitHub_Clone_Dateien\einfach-geld-ordnen\seiten\index.md","49","{{ site.baseurl }}/seiten/haushaltsbuch-excel.html"
"C:\Users\carst\Projekte\Einfach-Geld-Ordnen\GitHub_Clone_Dateien\einfach-geld-ordnen\seiten\index.md","60","{{ site.baseurl }}/seiten/qualitaet.html"
"C:\Users\carst\Projekte\Einfach-Geld-Ordnen\GitHub_Clone_Dateien\einfach-geld-ordnen\seiten\index.md","66","{{ site.baseurl }}/seiten/der-weg.html"
"C:\Users\carst\Projekte\Einfach-Geld-Ordnen\GitHub_Clone_Dateien\einfach-geld-ordnen\seiten\index.md","67","{{ site.baseurl }}/seiten/ordnung-halten.html"
"C:\Users\carst\Projekte\Einfach-Geld-Ordnen\GitHub_Clone_Dateien\einfach-geld-ordnen\seiten\index.md","98","{{ site.baseurl }}/seiten/impressum.html"
"C:\Users\carst\Projekte\Einfach-Geld-Ordnen\GitHub_Clone_Dateien\einfach-geld-ordnen\seiten\index.md","99","{{ site.baseurl }}/seiten/datenschutz.html"
"C:\Users\carst\Projekte\Einfach-Geld-Ordnen\GitHub_Clone_Dateien\einfach-geld-ordnen\seiten\index.md","104","{{ site.baseurl }}/index.html"
"C:\Users\carst\Projekte\Einfach-Geld-Ordnen\GitHub_Clone_Dateien\einfach-geld-ordnen\seiten\index.md","105","{{ site.baseurl }}/pillar/"
"C:\Users\carst\Projekte\Einfach-Geld-Ordnen\GitHub_Clone_Dateien\einfach-geld-ordnen\seiten\index.md","106","{{ site.baseurl }}/seiten/haushaltsbuch.html"
"C:\Users\carst\Projekte\Einfach-Geld-Ordnen\GitHub_Clone_Dateien\einfach-geld-ordnen\seiten\index.md","107","{{ site.baseurl }}/seiten/haushaltsbuch-vollversion.html"
"C:\Users\carst\Projekte\Einfach-Geld-Ordnen\GitHub_Clone_Dateien\einfach-geld-ordnen\seiten\monatliche-ausgaben.md","33","{{ site.baseurl }}/seiten/nebenkosten-miete.html"
"C:\Users\carst\Projekte\Einfach-Geld-Ordnen\GitHub_Clone_Dateien\einfach-geld-ordnen\seiten\monatliche-ausgaben.md","34","{{ site.baseurl }}/seiten/stromkosten-haushalt.html"
"C:\Users\carst\Projekte\Einfach-Geld-Ordnen\GitHub_Clone_Dateien\einfach-geld-ordnen\seiten\monatliche-ausgaben.md","42","{{ site.baseurl }}/seiten/fixkosten-uebersicht.html"
"C:\Users\carst\Projekte\Einfach-Geld-Ordnen\GitHub_Clone_Dateien\einfach-geld-ordnen\seiten\monatliche-ausgaben.md","43","{{ site.baseurl }}/pillar/index.html"
"C:\Users\carst\Projekte\Einfach-Geld-Ordnen\GitHub_Clone_Dateien\einfach-geld-ordnen\seiten\monatliche-ausgaben.md","44","{{ site.baseurl }}/seiten/variable-ausgaben.html"
"C:\Users\carst\Projekte\Einfach-Geld-Ordnen\GitHub_Clone_Dateien\einfach-geld-ordnen\seiten\monatliche-ausgaben.md","50","{{ site.baseurl }}/index.html"
"C:\Users\carst\Projekte\Einfach-Geld-Ordnen\GitHub_Clone_Dateien\einfach-geld-ordnen\seiten\monatliche-ausgaben.md","51","{{ site.baseurl }}/seiten/haushaltsbuch-vollversion.html"
"C:\Users\carst\Projekte\Einfach-Geld-Ordnen\GitHub_Clone_Dateien\einfach-geld-ordnen\seiten\monatliche-ausgaben.md","58","{{ site.baseurl }}/pillar/"
"C:\Users\carst\Projekte\Einfach-Geld-Ordnen\GitHub_Clone_Dateien\einfach-geld-ordnen\seiten\monatliche-ausgaben.md","59","{{ site.baseurl }}/seiten/haushaltsbuch-vollversion.html"
"C:\Users\carst\Projekte\Einfach-Geld-Ordnen\GitHub_Clone_Dateien\einfach-geld-ordnen\seiten\monatliche-ausgaben.md","68","{{ site.baseurl }}/index.html"
"C:\Users\carst\Projekte\Einfach-Geld-Ordnen\GitHub_Clone_Dateien\einfach-geld-ordnen\seiten\monatliche-ausgaben.md","69","{{ site.baseurl }}/seiten/haushaltsbuch-vollversion.html"
"C:\Users\carst\Projekte\Einfach-Geld-Ordnen\GitHub_Clone_Dateien\einfach-geld-ordnen\seiten\monatliche-ausgaben.md","77","{{ site.baseurl }}/pillar/einfach-geld-ordnen.html"
"C:\Users\carst\Projekte\Einfach-Geld-Ordnen\GitHub_Clone_Dateien\einfach-geld-ordnen\seiten\monatliche-ausgaben.md","78","{{ site.baseurl }}/seiten/haushaltsbuch.html"
"C:\Users\carst\Projekte\Einfach-Geld-Ordnen\GitHub_Clone_Dateien\einfach-geld-ordnen\seiten\nach_dem_kauf.md","24","{{ site.baseurl }}/index.html"
"C:\Users\carst\Projekte\Einfach-Geld-Ordnen\GitHub_Clone_Dateien\einfach-geld-ordnen\seiten\nach_dem_kauf.md","25","{{ site.baseurl }}/pillar/einfach-geld-ordnen.html"
"C:\Users\carst\Projekte\Einfach-Geld-Ordnen\GitHub_Clone_Dateien\einfach-geld-ordnen\seiten\nach_dem_kauf.md","26","{{ site.baseurl }}/seiten/haushaltsbuch.html"
"C:\Users\carst\Projekte\Einfach-Geld-Ordnen\GitHub_Clone_Dateien\einfach-geld-ordnen\seiten\nach_dem_kauf.md","27","{{ site.baseurl }}/seiten/start_in_15_minuten.html"
"C:\Users\carst\Projekte\Einfach-Geld-Ordnen\GitHub_Clone_Dateien\einfach-geld-ordnen\seiten\nach_dem_kauf.md","28","{{ site.baseurl }}/seiten/faq_probleme_loesen.html"
"C:\Users\carst\Projekte\Einfach-Geld-Ordnen\GitHub_Clone_Dateien\einfach-geld-ordnen\seiten\nach_dem_kauf.md","29","{{ site.baseurl }}/seiten/nach_dem_kauf.html"
"C:\Users\carst\Projekte\Einfach-Geld-Ordnen\GitHub_Clone_Dateien\einfach-geld-ordnen\seiten\nach_dem_kauf.md","30","{{ site.baseurl }}/seiten/self_service.html"
"C:\Users\carst\Projekte\Einfach-Geld-Ordnen\GitHub_Clone_Dateien\einfach-geld-ordnen\seiten\nebenkosten-miete.md","36","{{ site.baseurl }}/seiten/stromkosten-haushalt.html"
"C:\Users\carst\Projekte\Einfach-Geld-Ordnen\GitHub_Clone_Dateien\einfach-geld-ordnen\seiten\nebenkosten-miete.md","40","{{ site.baseurl }}/seiten/monatliche-ausgaben.html"
"C:\Users\carst\Projekte\Einfach-Geld-Ordnen\GitHub_Clone_Dateien\einfach-geld-ordnen\seiten\nebenkosten-miete.md","41","{{ site.baseurl }}/pillar/index.html"
"C:\Users\carst\Projekte\Einfach-Geld-Ordnen\GitHub_Clone_Dateien\einfach-geld-ordnen\seiten\nebenkosten-miete.md","42","{{ site.baseurl }}/seiten/variable-ausgaben.html"
"C:\Users\carst\Projekte\Einfach-Geld-Ordnen\GitHub_Clone_Dateien\einfach-geld-ordnen\seiten\nebenkosten-miete.md","48","{{ site.baseurl }}/index.html"
"C:\Users\carst\Projekte\Einfach-Geld-Ordnen\GitHub_Clone_Dateien\einfach-geld-ordnen\seiten\nebenkosten-miete.md","49","{{ site.baseurl }}/seiten/haushaltsbuch-vollversion.html"
"C:\Users\carst\Projekte\Einfach-Geld-Ordnen\GitHub_Clone_Dateien\einfach-geld-ordnen\seiten\nebenkosten-miete.md","56","{{ site.baseurl }}/pillar/"
"C:\Users\carst\Projekte\Einfach-Geld-Ordnen\GitHub_Clone_Dateien\einfach-geld-ordnen\seiten\nebenkosten-miete.md","57","{{ site.baseurl }}/seiten/haushaltsbuch-vollversion.html"
"C:\Users\carst\Projekte\Einfach-Geld-Ordnen\GitHub_Clone_Dateien\einfach-geld-ordnen\seiten\nebenkosten-miete.md","66","{{ site.baseurl }}/index.html"
"C:\Users\carst\Projekte\Einfach-Geld-Ordnen\GitHub_Clone_Dateien\einfach-geld-ordnen\seiten\nebenkosten-miete.md","67","{{ site.baseurl }}/seiten/haushaltsbuch-vollversion.html"
"C:\Users\carst\Projekte\Einfach-Geld-Ordnen\GitHub_Clone_Dateien\einfach-geld-ordnen\seiten\nebenkosten-miete.md","75","{{ site.baseurl }}/pillar/einfach-geld-ordnen.html"
"C:\Users\carst\Projekte\Einfach-Geld-Ordnen\GitHub_Clone_Dateien\einfach-geld-ordnen\seiten\nebenkosten-miete.md","76","{{ site.baseurl }}/seiten/haushaltsbuch.html"
"C:\Users\carst\Projekte\Einfach-Geld-Ordnen\GitHub_Clone_Dateien\einfach-geld-ordnen\seiten\ordnung-halten.md","49","{{ site.baseurl }}/pillar/ordnung-halten.html"
"C:\Users\carst\Projekte\Einfach-Geld-Ordnen\GitHub_Clone_Dateien\einfach-geld-ordnen\seiten\ordnung-halten.md","57","{{ site.baseurl }}/seiten/haushaltsbuch.html"
"C:\Users\carst\Projekte\Einfach-Geld-Ordnen\GitHub_Clone_Dateien\einfach-geld-ordnen\seiten\ordnung-halten.md","61","{{ site.baseurl }}/seiten/haushaltsbuch-vollversion.html"
"C:\Users\carst\Projekte\Einfach-Geld-Ordnen\GitHub_Clone_Dateien\einfach-geld-ordnen\seiten\ordnung-halten.md","62","{{ site.baseurl }}/seiten/haushaltsbuch-vorlage-kostenlos.html"
"C:\Users\carst\Projekte\Einfach-Geld-Ordnen\GitHub_Clone_Dateien\einfach-geld-ordnen\seiten\ordnung-halten.md","68","{{ site.baseurl }}/seiten/haushaltsueberblick.html"
"C:\Users\carst\Projekte\Einfach-Geld-Ordnen\GitHub_Clone_Dateien\einfach-geld-ordnen\seiten\ordnung-halten.md","69","{{ site.baseurl }}/pillar/index.html"
"C:\Users\carst\Projekte\Einfach-Geld-Ordnen\GitHub_Clone_Dateien\einfach-geld-ordnen\seiten\ordnung-halten.md","70","{{ site.baseurl }}/index.html"
"C:\Users\carst\Projekte\Einfach-Geld-Ordnen\GitHub_Clone_Dateien\einfach-geld-ordnen\seiten\ordnung-halten.md","76","{{ site.baseurl }}/index.html"
"C:\Users\carst\Projekte\Einfach-Geld-Ordnen\GitHub_Clone_Dateien\einfach-geld-ordnen\seiten\ordnung-halten.md","77","{{ site.baseurl }}/seiten/haushaltsbuch-vollversion.html"
"C:\Users\carst\Projekte\Einfach-Geld-Ordnen\GitHub_Clone_Dateien\einfach-geld-ordnen\seiten\ordnung-halten.md","84","{{ site.baseurl }}/pillar/"
"C:\Users\carst\Projekte\Einfach-Geld-Ordnen\GitHub_Clone_Dateien\einfach-geld-ordnen\seiten\ordnung-halten.md","85","{{ site.baseurl }}/seiten/haushaltsbuch-vollversion.html"
"C:\Users\carst\Projekte\Einfach-Geld-Ordnen\GitHub_Clone_Dateien\einfach-geld-ordnen\seiten\ordnung-halten.md","94","{{ site.baseurl }}/index.html"
"C:\Users\carst\Projekte\Einfach-Geld-Ordnen\GitHub_Clone_Dateien\einfach-geld-ordnen\seiten\ordnung-halten.md","95","{{ site.baseurl }}/seiten/haushaltsbuch-vollversion.html"
"C:\Users\carst\Projekte\Einfach-Geld-Ordnen\GitHub_Clone_Dateien\einfach-geld-ordnen\seiten\ordnung-halten.md","103","{{ site.baseurl }}/pillar/einfach-geld-ordnen.html"
"C:\Users\carst\Projekte\Einfach-Geld-Ordnen\GitHub_Clone_Dateien\einfach-geld-ordnen\seiten\ordnung-halten.md","104","{{ site.baseurl }}/seiten/haushaltsbuch.html"
"C:\Users\carst\Projekte\Einfach-Geld-Ordnen\GitHub_Clone_Dateien\einfach-geld-ordnen\seiten\qa-release-gate.md","93","{{ site.baseurl }}/index.html"
"C:\Users\carst\Projekte\Einfach-Geld-Ordnen\GitHub_Clone_Dateien\einfach-geld-ordnen\seiten\qa-release-gate.md","94","{{ site.baseurl }}/pillar/index.html"
"C:\Users\carst\Projekte\Einfach-Geld-Ordnen\GitHub_Clone_Dateien\einfach-geld-ordnen\seiten\qa-release-gate.md","95","{{ site.baseurl }}/seiten/qualitaet.html"
"C:\Users\carst\Projekte\Einfach-Geld-Ordnen\GitHub_Clone_Dateien\einfach-geld-ordnen\seiten\qa-release-gate.md","101","{{ site.baseurl }}/index.html"
"C:\Users\carst\Projekte\Einfach-Geld-Ordnen\GitHub_Clone_Dateien\einfach-geld-ordnen\seiten\qa-release-gate.md","110","{{ site.baseurl }}/index.html"
"C:\Users\carst\Projekte\Einfach-Geld-Ordnen\GitHub_Clone_Dateien\einfach-geld-ordnen\seiten\qa-release-gate.md","111","{{ site.baseurl }}/seiten/governance.html"
"C:\Users\carst\Projekte\Einfach-Geld-Ordnen\GitHub_Clone_Dateien\einfach-geld-ordnen\seiten\qa-release-gate.md","119","{{ site.baseurl }}/pillar/einfach-geld-ordnen.html"
"C:\Users\carst\Projekte\Einfach-Geld-Ordnen\GitHub_Clone_Dateien\einfach-geld-ordnen\seiten\qa-release-gate.md","120","{{ site.baseurl }}/seiten/haushaltsbuch.html"
"C:\Users\carst\Projekte\Einfach-Geld-Ordnen\GitHub_Clone_Dateien\einfach-geld-ordnen\seiten\qualitaet.md","44","{{ site.baseurl }}/seiten/datenschutz.html"
"C:\Users\carst\Projekte\Einfach-Geld-Ordnen\GitHub_Clone_Dateien\einfach-geld-ordnen\seiten\qualitaet.md","45","{{ site.baseurl }}/seiten/impressum.html"
"C:\Users\carst\Projekte\Einfach-Geld-Ordnen\GitHub_Clone_Dateien\einfach-geld-ordnen\seiten\qualitaet.md","48","{{ site.baseurl }}/index.html"
"C:\Users\carst\Projekte\Einfach-Geld-Ordnen\GitHub_Clone_Dateien\einfach-geld-ordnen\seiten\qualitaet.md","49","{{ site.baseurl }}/seiten/haushaltsbuch.html"
"C:\Users\carst\Projekte\Einfach-Geld-Ordnen\GitHub_Clone_Dateien\einfach-geld-ordnen\seiten\qualitaet.md","50","{{ site.baseurl }}/seiten/haushaltsbuch-vorlage-kostenlos.html"
"C:\Users\carst\Projekte\Einfach-Geld-Ordnen\GitHub_Clone_Dateien\einfach-geld-ordnen\seiten\qualitaet.md","51","{{ site.baseurl }}/seiten/haushaltsbuch-vollversion.html"
"C:\Users\carst\Projekte\Einfach-Geld-Ordnen\GitHub_Clone_Dateien\einfach-geld-ordnen\seiten\qualitaet.md","57","{{ site.baseurl }}/index.html"
"C:\Users\carst\Projekte\Einfach-Geld-Ordnen\GitHub_Clone_Dateien\einfach-geld-ordnen\seiten\qualitaet.md","66","{{ site.baseurl }}/index.html"
"C:\Users\carst\Projekte\Einfach-Geld-Ordnen\GitHub_Clone_Dateien\einfach-geld-ordnen\seiten\qualitaet.md","67","{{ site.baseurl }}/seiten/governance.html"
"C:\Users\carst\Projekte\Einfach-Geld-Ordnen\GitHub_Clone_Dateien\einfach-geld-ordnen\seiten\qualitaet.md","75","{{ site.baseurl }}/pillar/einfach-geld-ordnen.html"
"C:\Users\carst\Projekte\Einfach-Geld-Ordnen\GitHub_Clone_Dateien\einfach-geld-ordnen\seiten\qualitaet.md","76","{{ site.baseurl }}/seiten/haushaltsbuch.html"
"C:\Users\carst\Projekte\Einfach-Geld-Ordnen\GitHub_Clone_Dateien\einfach-geld-ordnen\seiten\self_service.md","41","{{ site.baseurl }}/index.html"
"C:\Users\carst\Projekte\Einfach-Geld-Ordnen\GitHub_Clone_Dateien\einfach-geld-ordnen\seiten\self_service.md","42","{{ site.baseurl }}/pillar/einfach-geld-ordnen.html"
"C:\Users\carst\Projekte\Einfach-Geld-Ordnen\GitHub_Clone_Dateien\einfach-geld-ordnen\seiten\self_service.md","43","{{ site.baseurl }}/seiten/haushaltsbuch.html"
"C:\Users\carst\Projekte\Einfach-Geld-Ordnen\GitHub_Clone_Dateien\einfach-geld-ordnen\seiten\self_service.md","44","{{ site.baseurl }}/seiten/start_in_15_minuten.html"
"C:\Users\carst\Projekte\Einfach-Geld-Ordnen\GitHub_Clone_Dateien\einfach-geld-ordnen\seiten\self_service.md","45","{{ site.baseurl }}/seiten/faq_probleme_loesen.html"
"C:\Users\carst\Projekte\Einfach-Geld-Ordnen\GitHub_Clone_Dateien\einfach-geld-ordnen\seiten\self_service.md","46","{{ site.baseurl }}/seiten/nach_dem_kauf.html"
"C:\Users\carst\Projekte\Einfach-Geld-Ordnen\GitHub_Clone_Dateien\einfach-geld-ordnen\seiten\self_service.md","47","{{ site.baseurl }}/seiten/self_service.html"
"C:\Users\carst\Projekte\Einfach-Geld-Ordnen\GitHub_Clone_Dateien\einfach-geld-ordnen\seiten\spielraum-ruecklagen.md","50","{{ site.baseurl }}/seiten/variable-ausgaben.html"
"C:\Users\carst\Projekte\Einfach-Geld-Ordnen\GitHub_Clone_Dateien\einfach-geld-ordnen\seiten\spielraum-ruecklagen.md","51","{{ site.baseurl }}/pillar/index.html"
"C:\Users\carst\Projekte\Einfach-Geld-Ordnen\GitHub_Clone_Dateien\einfach-geld-ordnen\seiten\spielraum-ruecklagen.md","52","{{ site.baseurl }}/seiten/haushaltsueberblick.html"
"C:\Users\carst\Projekte\Einfach-Geld-Ordnen\GitHub_Clone_Dateien\einfach-geld-ordnen\seiten\spielraum-ruecklagen.md","58","{{ site.baseurl }}/index.html"
"C:\Users\carst\Projekte\Einfach-Geld-Ordnen\GitHub_Clone_Dateien\einfach-geld-ordnen\seiten\spielraum-ruecklagen.md","59","{{ site.baseurl }}/seiten/haushaltsbuch-vollversion.html"
"C:\Users\carst\Projekte\Einfach-Geld-Ordnen\GitHub_Clone_Dateien\einfach-geld-ordnen\seiten\spielraum-ruecklagen.md","66","{{ site.baseurl }}/pillar/"
"C:\Users\carst\Projekte\Einfach-Geld-Ordnen\GitHub_Clone_Dateien\einfach-geld-ordnen\seiten\spielraum-ruecklagen.md","67","{{ site.baseurl }}/seiten/haushaltsbuch-vollversion.html"
"C:\Users\carst\Projekte\Einfach-Geld-Ordnen\GitHub_Clone_Dateien\einfach-geld-ordnen\seiten\spielraum-ruecklagen.md","76","{{ site.baseurl }}/index.html"
"C:\Users\carst\Projekte\Einfach-Geld-Ordnen\GitHub_Clone_Dateien\einfach-geld-ordnen\seiten\spielraum-ruecklagen.md","77","{{ site.baseurl }}/seiten/haushaltsbuch-vollversion.html"
"C:\Users\carst\Projekte\Einfach-Geld-Ordnen\GitHub_Clone_Dateien\einfach-geld-ordnen\seiten\spielraum-ruecklagen.md","85","{{ site.baseurl }}/pillar/einfach-geld-ordnen.html"
"C:\Users\carst\Projekte\Einfach-Geld-Ordnen\GitHub_Clone_Dateien\einfach-geld-ordnen\seiten\spielraum-ruecklagen.md","86","{{ site.baseurl }}/seiten/haushaltsbuch.html"
"C:\Users\carst\Projekte\Einfach-Geld-Ordnen\GitHub_Clone_Dateien\einfach-geld-ordnen\seiten\start_in_15_minuten.md","34","{{ site.baseurl }}/index.html"
"C:\Users\carst\Projekte\Einfach-Geld-Ordnen\GitHub_Clone_Dateien\einfach-geld-ordnen\seiten\start_in_15_minuten.md","35","{{ site.baseurl }}/pillar/einfach-geld-ordnen.html"
"C:\Users\carst\Projekte\Einfach-Geld-Ordnen\GitHub_Clone_Dateien\einfach-geld-ordnen\seiten\start_in_15_minuten.md","36","{{ site.baseurl }}/seiten/haushaltsbuch.html"
"C:\Users\carst\Projekte\Einfach-Geld-Ordnen\GitHub_Clone_Dateien\einfach-geld-ordnen\seiten\start_in_15_minuten.md","37","{{ site.baseurl }}/seiten/start_in_15_minuten.html"
"C:\Users\carst\Projekte\Einfach-Geld-Ordnen\GitHub_Clone_Dateien\einfach-geld-ordnen\seiten\start_in_15_minuten.md","38","{{ site.baseurl }}/seiten/faq_probleme_loesen.html"
"C:\Users\carst\Projekte\Einfach-Geld-Ordnen\GitHub_Clone_Dateien\einfach-geld-ordnen\seiten\start_in_15_minuten.md","39","{{ site.baseurl }}/seiten/nach_dem_kauf.html"
"C:\Users\carst\Projekte\Einfach-Geld-Ordnen\GitHub_Clone_Dateien\einfach-geld-ordnen\seiten\start_in_15_minuten.md","40","{{ site.baseurl }}/seiten/self_service.html"
"C:\Users\carst\Projekte\Einfach-Geld-Ordnen\GitHub_Clone_Dateien\einfach-geld-ordnen\seiten\stromkosten-haushalt.md","30","{{ site.baseurl }}/seiten/monatliche-ausgaben.html"
"C:\Users\carst\Projekte\Einfach-Geld-Ordnen\GitHub_Clone_Dateien\einfach-geld-ordnen\seiten\stromkosten-haushalt.md","31","{{ site.baseurl }}/pillar/index.html"
"C:\Users\carst\Projekte\Einfach-Geld-Ordnen\GitHub_Clone_Dateien\einfach-geld-ordnen\seiten\stromkosten-haushalt.md","32","{{ site.baseurl }}/seiten/variable-ausgaben.html"
"C:\Users\carst\Projekte\Einfach-Geld-Ordnen\GitHub_Clone_Dateien\einfach-geld-ordnen\seiten\stromkosten-haushalt.md","38","{{ site.baseurl }}/index.html"
"C:\Users\carst\Projekte\Einfach-Geld-Ordnen\GitHub_Clone_Dateien\einfach-geld-ordnen\seiten\stromkosten-haushalt.md","39","{{ site.baseurl }}/seiten/haushaltsbuch-vollversion.html"
"C:\Users\carst\Projekte\Einfach-Geld-Ordnen\GitHub_Clone_Dateien\einfach-geld-ordnen\seiten\stromkosten-haushalt.md","46","{{ site.baseurl }}/pillar/"
"C:\Users\carst\Projekte\Einfach-Geld-Ordnen\GitHub_Clone_Dateien\einfach-geld-ordnen\seiten\stromkosten-haushalt.md","47","{{ site.baseurl }}/seiten/haushaltsbuch-vollversion.html"
"C:\Users\carst\Projekte\Einfach-Geld-Ordnen\GitHub_Clone_Dateien\einfach-geld-ordnen\seiten\stromkosten-haushalt.md","56","{{ site.baseurl }}/index.html"
"C:\Users\carst\Projekte\Einfach-Geld-Ordnen\GitHub_Clone_Dateien\einfach-geld-ordnen\seiten\stromkosten-haushalt.md","57","{{ site.baseurl }}/seiten/haushaltsbuch-vollversion.html"
"C:\Users\carst\Projekte\Einfach-Geld-Ordnen\GitHub_Clone_Dateien\einfach-geld-ordnen\seiten\stromkosten-haushalt.md","65","{{ site.baseurl }}/pillar/einfach-geld-ordnen.html"
"C:\Users\carst\Projekte\Einfach-Geld-Ordnen\GitHub_Clone_Dateien\einfach-geld-ordnen\seiten\stromkosten-haushalt.md","66","{{ site.baseurl }}/seiten/haushaltsbuch.html"
"C:\Users\carst\Projekte\Einfach-Geld-Ordnen\GitHub_Clone_Dateien\einfach-geld-ordnen\seiten\variable-ausgaben.md","24","{{ site.baseurl }}/seiten/monatliche-ausgaben.html"
"C:\Users\carst\Projekte\Einfach-Geld-Ordnen\GitHub_Clone_Dateien\einfach-geld-ordnen\seiten\variable-ausgaben.md","70","{{ site.baseurl }}/seiten/monatliche-ausgaben.html"
"C:\Users\carst\Projekte\Einfach-Geld-Ordnen\GitHub_Clone_Dateien\einfach-geld-ordnen\seiten\variable-ausgaben.md","71","{{ site.baseurl }}/pillar/index.html"
"C:\Users\carst\Projekte\Einfach-Geld-Ordnen\GitHub_Clone_Dateien\einfach-geld-ordnen\seiten\variable-ausgaben.md","72","{{ site.baseurl }}/seiten/spielraum-ruecklagen.html"
"C:\Users\carst\Projekte\Einfach-Geld-Ordnen\GitHub_Clone_Dateien\einfach-geld-ordnen\seiten\variable-ausgaben.md","78","{{ site.baseurl }}/index.html"
"C:\Users\carst\Projekte\Einfach-Geld-Ordnen\GitHub_Clone_Dateien\einfach-geld-ordnen\seiten\variable-ausgaben.md","79","{{ site.baseurl }}/seiten/haushaltsbuch-vollversion.html"
"C:\Users\carst\Projekte\Einfach-Geld-Ordnen\GitHub_Clone_Dateien\einfach-geld-ordnen\seiten\variable-ausgaben.md","86","{{ site.baseurl }}/pillar/"
"C:\Users\carst\Projekte\Einfach-Geld-Ordnen\GitHub_Clone_Dateien\einfach-geld-ordnen\seiten\variable-ausgaben.md","87","{{ site.baseurl }}/seiten/haushaltsbuch-vollversion.html"
"C:\Users\carst\Projekte\Einfach-Geld-Ordnen\GitHub_Clone_Dateien\einfach-geld-ordnen\seiten\variable-ausgaben.md","96","{{ site.baseurl }}/index.html"
"C:\Users\carst\Projekte\Einfach-Geld-Ordnen\GitHub_Clone_Dateien\einfach-geld-ordnen\seiten\variable-ausgaben.md","97","{{ site.baseurl }}/seiten/haushaltsbuch-vollversion.html"
"C:\Users\carst\Projekte\Einfach-Geld-Ordnen\GitHub_Clone_Dateien\einfach-geld-ordnen\seiten\variable-ausgaben.md","105","{{ site.baseurl }}/pillar/einfach-geld-ordnen.html"
"C:\Users\carst\Projekte\Einfach-Geld-Ordnen\GitHub_Clone_Dateien\einfach-geld-ordnen\seiten\variable-ausgaben.md","106","{{ site.baseurl }}/seiten/haushaltsbuch.html"
